run_id,model,selected,val_accuracy,val_f1_macro,val_precision_macro,val_recall_macro
20260630T002533Z,logistic_regression,True,1.0,1.0,1.0,1.0
20260630T002533Z,random_forest,False,1.0,1.0,1.0,1.0
20260630T002751Z,logistic_regression,True,1.0,1.0,1.0,1.0
20260630T002751Z,random_forest,False,1.0,1.0,1.0,1.0
20260630T002751Z,keras_mlp,False,0.9722222222222222,0.9740129935032484,0.977777777777778,0.9722222222222222
20260630T002825Z,logistic_regression,True,1.0,1.0,1.0,1.0
20260630T002825Z,random_forest,False,1.0,1.0,1.0,1.0
20260630T002825Z,keras_mlp,False,1.0,1.0,1.0,1.0
20260630T002952Z,logistic_regression,True,1.0,1.0,1.0,1.0
20260630T002952Z,random_forest,False,1.0,1.0,1.0,1.0
20260630T002952Z,keras_mlp,False,0.9722222222222222,0.9740129935032484,0.977777777777778,0.9722222222222222
20260630T003026Z,logistic_regression,True,1.0,1.0,1.0,1.0
20260630T003026Z,random_forest,False,1.0,1.0,1.0,1.0
20260630T003026Z,keras_mlp,False,1.0,1.0,1.0,1.0
20260803T060229Z,logistic_regression,True,1.0,1.0,1.0,1.0
20260803T060229Z,random_forest,False,1.0,1.0,1.0,1.0
20260803T060229Z,keras_mlp,False,0.9722222222222222,0.9740129935032484,0.977777777777778,0.9722222222222222
20260810T033210Z,logistic_regression,True,1.0,1.0,1.0,1.0
20260810T033210Z,random_forest,False,1.0,1.0,1.0,1.0
20260810T033210Z,keras_mlp,False,0.9722222222222222,0.9740129935032484,0.977777777777778,0.9722222222222222
20260817T031812Z,logistic_regression,True,1.0,1.0,1.0,1.0
20260817T031812Z,random_forest,False,1.0,1.0,1.0,1.0
20260817T031812Z,keras_mlp,False,0.9722222222222222,0.9740129935032484,0.977777777777778,0.9722222222222222
20260824T031948Z,logistic_regression,True,1.0,1.0,1.0,1.0
20260824T031948Z,random_forest,False,1.0,1.0,1.0,1.0
20260824T031948Z,keras_mlp,False,0.9722222222222222,0.9740129935032484,0.977777777777778,0.9722222222222222
20260831T030215Z,logistic_regression,True,1.0,1.0,1.0,1.0
20260831T030215Z,random_forest,False,1.0,1.0,1.0,1.0
20260831T030215Z,keras_mlp,False,0.9722222222222222,0.9740129935032484,0.977777777777778,0.9722222222222222
20260907T030215Z,logistic_regression,True,1.0,1.0,1.0,1.0
20260907T030215Z,random_forest,False,1.0,1.0,1.0,1.0
20260907T030215Z,keras_mlp,False,1.0,1.0,1.0,1.0
20260914T030210Z,logistic_regression,True,1.0,1.0,1.0,1.0
20260914T030210Z,random_forest,False,1.0,1.0,1.0,1.0
20260914T030210Z,keras_mlp,False,0.9722222222222222,0.9740129935032484,0.977777777777778,0.9722222222222222
20260921T030212Z,logistic_regression,True,1.0,1.0,1.0,1.0
20260921T030212Z,random_forest,False,1.0,1.0,1.0,1.0
20260921T030212Z,keras_mlp,False,1.0,1.0,1.0,1.0
20260928T030516Z,logistic_regression,True,1.0,1.0,1.0,1.0
20260928T030516Z,random_forest,False,1.0,1.0,1.0,1.0
20260928T030516Z,keras_mlp,False,0.9722222222222222,0.9740129935032484,0.977777777777778,0.9722222222222222
20261005T030746Z,logistic_regression,True,1.0,1.0,1.0,1.0
20261005T030746Z,random_forest,False,1.0,1.0,1.0,1.0
20261005T030746Z,keras_mlp,False,0.9722222222222222,0.9740129935032483,0.9777777777777779,0.9722222222222222
